{"ENTITY_ID":13,"tables":[{"id":"66207139-27cf-4d62-aba5-2228bb1f4d4b","position":{"x":-51,"y":986},"data":{"table_name":"Utilizador","fields":[{"fieldName":"email","fieldType":10,"isPK":true,"isNotNull":false,"isUnique":false,"defaultValue":"","args":["512"],"isAutoIncrement":false},{"fieldName":"password","fieldType":10,"isPK":false,"isNotNull":true,"isUnique":false,"defaultValue":"","args":["512"],"isAutoIncrement":false},{"fieldName":"nome","fieldType":10,"isPK":false,"isNotNull":true,"isUnique":false,"defaultValue":"","args":["512"],"isAutoIncrement":false}],"next_id":3,"checkName":[],"checkCondition":[]}},{"id":"85e3daef-b57d-4727-ad0e-1020df004fb4","position":{"x":508,"y":550},"data":{"table_name":"Mensagem","fields":[{"fieldName":"id","fieldType":3,"isPK":true,"isNotNull":false,"isUnique":false,"defaultValue":"","args":"","isAutoIncrement":false},{"fieldName":"texto","fieldType":10,"isPK":false,"isNotNull":false,"isUnique":false,"defaultValue":"","args":["512"],"isAutoIncrement":false},{"fieldName":"assunto","fieldType":9,"isPK":false,"isNotNull":false,"isUnique":false,"defaultValue":"","args":["255"],"isAutoIncrement":false},{"fieldName":"data","fieldType":8,"isPK":false,"isNotNull":false,"isUnique":false,"defaultValue":"","args":"","isAutoIncrement":false}],"next_id":4,"checkName":[],"checkCondition":[]}},{"id":"3d6ddc06-da27-46a8-bf77-8c46c8a6e8b5","position":{"x":-60,"y":604},"data":{"table_name":"Cliente","fields":[{"fieldName":"saldo","fieldType":4,"isPK":false,"isNotNull":false,"isUnique":false,"defaultValue":"","args":["8"],"isAutoIncrement":false}],"next_id":2,"checkName":[],"checkCondition":[]}},{"id":"9d72272f-45b7-4ee3-ba40-57e9e73a29ed","position":{"x":386,"y":994},"data":{"table_name":"Leitura","fields":[{"fieldName":"lida","fieldType":0,"isPK":false,"isNotNull":false,"isUnique":false,"defaultValue":"","args":"","isAutoIncrement":false}],"next_id":1,"checkName":[],"checkCondition":[]}},{"id":"b24bf452-969e-47bf-a476-7532fabf0ded","position":{"x":-554,"y":835},"data":{"table_name":"Admin","fields":[],"next_id":1,"checkName":[],"checkCondition":[]}},{"id":"dfc2ea69-1cf4-446f-adcc-737780ff45fc","position":{"x":-248,"y":190},"data":{"table_name":"Artigos","fields":[{"fieldName":"titulo","fieldType":10,"isPK":false,"isNotNull":false,"isUnique":false,"defaultValue":"","args":["512"],"isAutoIncrement":false},{"fieldName":"id","fieldType":3,"isPK":true,"isNotNull":false,"isUnique":false,"defaultValue":"","args":"","isAutoIncrement":false},{"fieldName":"preco","fieldType":4,"isPK":false,"isNotNull":false,"isUnique":false,"defaultValue":"","args":["8"],"isAutoIncrement":false},{"fieldName":"alugado","fieldType":0,"isPK":false,"isNotNull":false,"isUnique":false,"defaultValue":"","args":[1,1],"isAutoIncrement":false},{"fieldName":"tipo","fieldType":10,"isPK":false,"isNotNull":false,"isUnique":false,"defaultValue":"","args":["512"],"isAutoIncrement":false},{"fieldName":"em_stock","fieldType":0,"isPK":false,"isNotNull":false,"isUnique":false,"defaultValue":"","args":[1,1],"isAutoIncrement":false}],"next_id":7,"checkName":[],"checkCondition":[]}},{"id":"76422a24-620c-4529-9506-720f32779db4","position":{"x":52,"y":-27},"data":{"table_name":"Realizadores","fields":[{"fieldName":"id","fieldType":3,"isPK":true,"isNotNull":false,"isUnique":false,"defaultValue":"","args":[1,1],"isAutoIncrement":false},{"fieldName":"nome","fieldType":10,"isPK":false,"isNotNull":false,"isUnique":false,"defaultValue":"","args":["512"],"isAutoIncrement":false}],"next_id":2,"checkName":[],"checkCondition":[]}},{"id":"508cbaa3-c6f9-4702-9167-ca69de9806e0","position":{"x":309,"y":198},"data":{"table_name":"Produtora","fields":[{"fieldName":"id","fieldType":3,"isPK":true,"isNotNull":false,"isUnique":false,"defaultValue":"","args":[1,1],"isAutoIncrement":false},{"fieldName":"nome","fieldType":10,"isPK":false,"isNotNull":false,"isUnique":false,"defaultValue":"","args":["512"],"isAutoIncrement":false}],"next_id":2,"checkName":[],"checkCondition":[]}},{"id":"50a6f49c-1685-4671-b0ac-1fc0da31403b","position":{"x":-77,"y":385},"data":{"table_name":"Aluguer","fields":[{"fieldName":"id","fieldType":3,"isPK":true,"isNotNull":false,"isUnique":false,"defaultValue":"","args":[1,1],"isAutoIncrement":false},{"fieldName":"data","fieldType":8,"isPK":false,"isNotNull":false,"isUnique":false,"defaultValue":"","args":"","isAutoIncrement":false},{"fieldName":"preco","fieldType":4,"isPK":false,"isNotNull":false,"isUnique":false,"defaultValue":"","args":["8"],"isAutoIncrement":false},{"fieldName":"tempo_aluguer","fieldType":3,"isPK":false,"isNotNull":false,"isUnique":false,"defaultValue":"","args":"","isAutoIncrement":false},{"fieldName":"confirmacao","fieldType":0,"isPK":false,"isNotNull":false,"isUnique":false,"defaultValue":"","args":[1,1],"isAutoIncrement":false}],"next_id":6,"checkName":[],"checkCondition":[]}},{"id":"b0d600ed-2042-4c5e-b382-15c86a416611","position":{"x":-564,"y":580},"data":{"table_name":"Historico_preco","fields":[{"fieldName":"preco","fieldType":4,"isPK":false,"isNotNull":false,"isUnique":false,"defaultValue":"","args":["8"],"isAutoIncrement":false},{"fieldName":"data","fieldType":8,"isPK":false,"isNotNull":false,"isUnique":false,"defaultValue":"","args":"","isAutoIncrement":false},{"fieldName":"id_modifica","fieldType":3,"isPK":true,"isNotNull":false,"isUnique":false,"defaultValue":"","args":"","isAutoIncrement":false}],"next_id":3,"checkName":[],"checkCondition":[]}},{"id":"41e4d2e9-de49-419a-87c1-bdafc88e8877","position":{"x":-722,"y":69},"data":{"table_name":"Atores","fields":[{"fieldName":"id","fieldType":3,"isPK":true,"isNotNull":false,"isUnique":false,"defaultValue":"","args":[1,1],"isAutoIncrement":false},{"fieldName":"nome","fieldType":10,"isPK":false,"isNotNull":false,"isUnique":false,"defaultValue":"","args":["512"],"isAutoIncrement":false}],"next_id":2,"checkName":[],"checkCondition":[]}}],"links":[{"source":"9d72272f-45b7-4ee3-ba40-57e9e73a29ed","target":"85e3daef-b57d-4727-ad0e-1020df004fb4","order":"normal","sourceCard":"0:n","targetCard":"1:1","label":"contem","hierType":null,"sourceisweak":true,"targetisweak":false},{"source":"3d6ddc06-da27-46a8-bf77-8c46c8a6e8b5","target":"9d72272f-45b7-4ee3-ba40-57e9e73a29ed","order":"normal","sourceCard":"1:1","targetCard":"0:n","label":"tem","hierType":null,"sourceisweak":false,"targetisweak":true},{"source":"b24bf452-969e-47bf-a476-7532fabf0ded","target":"66207139-27cf-4d62-aba5-2228bb1f4d4b","order":"parenting","sourceCard":"0:1","targetCard":"0:1","label":"complete","hierType":"complete","sourceisweak":false,"targetisweak":false},{"source":"3d6ddc06-da27-46a8-bf77-8c46c8a6e8b5","target":"66207139-27cf-4d62-aba5-2228bb1f4d4b","order":"parenting","sourceCard":"0:1","targetCard":"0:1","label":"complete","hierType":"complete","sourceisweak":false,"targetisweak":false},{"source":"76422a24-620c-4529-9506-720f32779db4","target":"dfc2ea69-1cf4-446f-adcc-737780ff45fc","order":"normal","sourceCard":"1:n","targetCard":"1:n","label":"tem","hierType":null,"sourceisweak":false,"targetisweak":false},{"source":"dfc2ea69-1cf4-446f-adcc-737780ff45fc","target":"508cbaa3-c6f9-4702-9167-ca69de9806e0","order":"normal","sourceCard":"1:n","targetCard":"1:1","label":"produz","hierType":null,"sourceisweak":false,"targetisweak":false},{"source":"3d6ddc06-da27-46a8-bf77-8c46c8a6e8b5","target":"50a6f49c-1685-4671-b0ac-1fc0da31403b","order":"normal","sourceCard":"1:1","targetCard":"0:n","label":"faz","hierType":null,"sourceisweak":false,"targetisweak":false},{"source":"50a6f49c-1685-4671-b0ac-1fc0da31403b","target":"dfc2ea69-1cf4-446f-adcc-737780ff45fc","order":"normal","sourceCard":"0:n","targetCard":"1:1","label":"tem","hierType":null,"sourceisweak":false,"targetisweak":false},{"source":"b24bf452-969e-47bf-a476-7532fabf0ded","target":"b0d600ed-2042-4c5e-b382-15c86a416611","order":"normal","sourceCard":"1:1","targetCard":"0:n","label":"modifica","hierType":null,"sourceisweak":false,"targetisweak":false},{"source":"b0d600ed-2042-4c5e-b382-15c86a416611","target":"dfc2ea69-1cf4-446f-adcc-737780ff45fc","order":"normal","sourceCard":"1:n","targetCard":"1:1","label":"tem","hierType":null,"sourceisweak":false,"targetisweak":false},{"source":"41e4d2e9-de49-419a-87c1-bdafc88e8877","target":"dfc2ea69-1cf4-446f-adcc-737780ff45fc","order":"normal","sourceCard":"1:n","targetCard":"1:n","label":"tem","hierType":null,"sourceisweak":false,"targetisweak":false}],"normalization":1,"database":0}